{
  "project_info": {
    "project_number": "136021554932",
    "project_id": "elecciones-3773a",
    "storage_bucket": "elecciones-3773a.appspot.com"
  },
  "client": [
    {
      "client_info": {
        "mobilesdk_app_id": "1:136021554932:android:5b821c0c85a422cc9e50a1",
        "android_client_info": {
          "package_name": "com.example.loggin_elecciones"
        }
      },
      "oauth_client": [
        {
          "client_id": "TU_DEFAULT_WEB_CLIENT_ID",
          "client_type": 3
        }
      ],
      "api_key": [
        {
          "current_key": "AIzaSyB-gEfIMIBQJkAhvMHipsq1qHn78M-LhC0"
        }
      ],
      "services": {
        "appinvite_service": {
          "other_platform_oauth_client": []
        }
      }
    }
  ],
  "configuration_version": "1"
}